"date","sales","customers","open","prom","sch","month","chris","easter","ph"
2013-01-01,1e-09,1e-09,0,0,1,1,0,0,1
2013-01-02,5419,698,1,0,1,1,0,0,0
2013-01-03,4842,662,1,0,1,1,0,0,0
2013-01-04,4059,517,1,0,1,1,0,0,0
2013-01-05,2337,312,1,0,0,1,0,0,0
2013-01-06,1e-09,1e-09,0,0,0,1,0,0,0
2013-01-07,7416,802,1,1,0,1,0,0,0
2013-01-08,6333,700,1,1,0,1,0,0,0
2013-01-09,5038,611,1,1,0,1,0,0,0
2013-01-10,6084,775,1,1,0,1,0,0,0
2013-01-11,4997,581,1,1,0,1,0,0,0
2013-01-12,2660,328,1,0,0,1,0,0,0
2013-01-13,1e-09,1e-09,0,0,0,1,0,0,0
2013-01-14,4128,601,1,0,0,1,0,0,0
2013-01-15,4358,620,1,0,0,1,0,0,0
2013-01-16,3508,516,1,0,0,1,0,0,0
2013-01-17,4833,693,1,0,0,1,0,0,0
2013-01-18,3619,494,1,0,0,1,0,0,0
2013-01-19,2357,325,1,0,0,1,0,0,0
2013-01-20,1e-09,1e-09,0,0,0,1,0,0,0
2013-01-21,7589,769,1,1,0,1,0,0,0
2013-01-22,5893,668,1,1,0,1,0,0,0
2013-01-23,6469,682,1,1,0,1,0,0,0
2013-01-24,6114,773,1,1,0,1,0,0,0
2013-01-25,5251,592,1,1,0,1,0,0,0
2013-01-26,2366,285,1,0,0,1,0,0,0
2013-01-27,1e-09,1e-09,0,0,0,1,0,0,0
2013-01-28,3459,582,1,0,0,1,0,0,0
2013-01-29,3846,540,1,0,0,1,0,0,0
2013-01-30,3638,484,1,0,0,1,0,0,0
2013-01-31,5680,722,1,0,0,1,0,0,0
2013-02-01,4406,572,1,0,0,2,0,0,0
2013-02-02,2399,313,1,0,0,2,0,0,0
2013-02-03,1e-09,1e-09,0,0,0,2,0,0,0
2013-02-04,8273,869,1,1,0,2,0,0,0
2013-02-05,6901,748,1,1,0,2,0,0,0
2013-02-06,6237,700,1,1,0,2,0,0,0
2013-02-07,6833,807,1,1,0,2,0,0,0
2013-02-08,6035,606,1,1,0,2,0,0,0
2013-02-09,2487,335,1,0,0,2,0,0,0
2013-02-10,1e-09,1e-09,0,0,0,2,0,0,0
2013-02-11,4215,623,1,0,0,2,0,0,0
2013-02-12,3503,519,1,0,0,2,0,0,0
2013-02-13,3993,553,1,0,0,2,0,0,0
2013-02-14,5316,724,1,0,0,2,0,0,0
2013-02-15,3737,499,1,0,0,2,0,0,0
2013-02-16,2488,299,1,0,0,2,0,0,0
2013-02-17,1e-09,1e-09,0,0,0,2,0,0,0
2013-02-18,8184,830,1,1,0,2,0,0,0
2013-02-19,6351,704,1,1,0,2,0,0,0
2013-02-20,6324,697,1,1,0,2,0,0,0
2013-02-21,6562,781,1,1,0,2,0,0,0
2013-02-22,5493,610,1,1,0,2,0,0,0
2013-02-23,2122,273,1,0,0,2,0,0,0
2013-02-24,1e-09,1e-09,0,0,0,2,0,0,0
2013-02-25,4241,609,1,0,0,2,0,0,0
2013-02-26,4031,544,1,0,0,2,0,0,0
2013-02-27,4152,580,1,0,0,2,0,0,0
2013-02-28,5545,740,1,0,0,2,0,0,0
2013-03-01,4465,571,1,0,0,3,0,0,0
2013-03-02,2574,317,1,0,0,3,0,0,0
2013-03-03,1e-09,1e-09,0,0,0,3,0,0,0
2013-03-04,8279,917,1,1,0,3,0,0,0
2013-03-05,7947,836,1,1,0,3,0,0,0
2013-03-06,5977,687,1,1,0,3,0,0,0
2013-03-07,6875,829,1,1,0,3,0,0,0
2013-03-08,5223,595,1,1,0,3,0,0,0
2013-03-09,2263,284,1,0,0,3,0,0,0
2013-03-10,1e-09,1e-09,0,0,0,3,0,0,0
2013-03-11,3641,516,1,0,0,3,0,0,0
2013-03-12,3729,575,1,0,0,3,0,0,0
2013-03-13,3973,530,1,0,0,3,0,0,0
2013-03-14,4878,695,1,0,0,3,0,0,0
2013-03-15,4424,527,1,0,0,3,0,0,0
2013-03-16,2512,289,1,0,0,3,0,0,0
2013-03-17,1e-09,1e-09,0,0,0,3,0,0,0
2013-03-18,7418,757,1,1,0,3,0,0,0
2013-03-19,6587,731,1,1,0,3,0,0,0
2013-03-20,7031,716,1,1,0,3,0,0,0
2013-03-21,6808,819,1,1,0,3,0,0,0
2013-03-22,4778,590,1,1,0,3,0,0,0
2013-03-23,2284,298,1,0,0,3,0,0,0
2013-03-24,1e-09,1e-09,0,0,0,3,0,0,0
2013-03-25,7724,823,1,1,1,3,0,0,0
2013-03-26,7070,775,1,1,1,3,0,0,0
2013-03-27,6482,743,1,1,1,3,0,0,0
2013-03-28,8966,965,1,1,1,3,0,0,0
2013-03-29,1e-09,1e-09,0,1,1,3,0,1,0
2013-03-30,3500,426,1,0,0,3,0,0,0
2013-03-31,1e-09,1e-09,0,0,0,3,0,0,0
2013-04-01,1e-09,1e-09,0,0,1,4,0,1,0
2013-04-02,5409,701,1,0,1,4,0,0,0
2013-04-03,4358,580,1,0,1,4,0,0,0
2013-04-04,4649,657,1,0,1,4,0,0,0
2013-04-05,4100,517,1,0,1,4,0,0,0
2013-04-06,2646,303,1,0,0,4,0,0,0
2013-04-07,1e-09,1e-09,0,0,0,4,0,0,0
2013-04-08,8004,826,1,1,1,4,0,0,0
2013-04-09,6875,761,1,1,1,4,0,0,0
2013-04-10,5239,615,1,1,0,4,0,0,0
2013-04-11,6009,755,1,1,0,4,0,0,0
2013-04-12,5379,612,1,1,0,4,0,0,0
2013-04-13,2202,303,1,0,0,4,0,0,0
2013-04-14,1e-09,1e-09,0,0,0,4,0,0,0
2013-04-15,3837,582,1,0,0,4,0,0,0
2013-04-16,4346,623,1,0,0,4,0,0,0
2013-04-17,3825,553,1,0,0,4,0,0,0
2013-04-18,5039,737,1,0,0,4,0,0,0
2013-04-19,3739,498,1,0,0,4,0,0,0
2013-04-20,2562,315,1,0,0,4,0,0,0
2013-04-21,1e-09,1e-09,0,0,0,4,0,0,0
2013-04-22,7436,768,1,1,0,4,0,0,0
2013-04-23,6195,715,1,1,0,4,0,0,0
2013-04-24,5061,635,1,1,0,4,0,0,0
2013-04-25,6315,784,1,1,0,4,0,0,0
2013-04-26,4663,554,1,1,0,4,0,0,0
2013-04-27,2471,324,1,0,0,4,0,0,0
2013-04-28,1e-09,1e-09,0,0,0,4,0,0,0
2013-04-29,8005,787,1,1,0,4,0,0,0
2013-04-30,8872,898,1,1,0,4,0,0,0
2013-05-01,1e-09,1e-09,0,1,0,5,0,0,1
2013-05-02,7765,874,1,1,0,5,0,0,0
2013-05-03,5790,636,1,1,0,5,0,0,0
2013-05-04,2517,346,1,0,0,5,0,0,0
2013-05-05,1e-09,1e-09,0,0,0,5,0,0,0
2013-05-06,5090,652,1,0,0,5,0,0,0
2013-05-07,4271,573,1,0,0,5,0,0,0
2013-05-08,4797,618,1,0,0,5,0,0,0
2013-05-09,1e-09,1e-09,0,0,0,5,0,0,1
2013-05-10,4974,639,1,0,1,5,0,0,0
2013-05-11,2552,320,1,0,0,5,0,0,0
2013-05-12,1e-09,1e-09,0,0,0,5,0,0,0
2013-05-13,7419,791,1,1,0,5,0,0,0
2013-05-14,7531,826,1,1,0,5,0,0,0
2013-05-15,5857,686,1,1,0,5,0,0,0
2013-05-16,6893,845,1,1,0,5,0,0,0
2013-05-17,5413,673,1,1,0,5,0,0,0
2013-05-18,2549,312,1,0,0,5,0,0,0
2013-05-19,1e-09,1e-09,0,0,0,5,0,0,0
2013-05-20,1e-09,1e-09,0,0,0,5,0,0,1
2013-05-21,4675,614,1,0,0,5,0,0,0
2013-05-22,4062,528,1,0,0,5,0,0,0
2013-05-23,4726,690,1,0,0,5,0,0,0
2013-05-24,3944,532,1,0,0,5,0,0,0
2013-05-25,2064,287,1,0,0,5,0,0,0
2013-05-26,1e-09,1e-09,0,0,0,5,0,0,0
2013-05-27,8313,890,1,1,0,5,0,0,0
2013-05-28,6662,759,1,1,0,5,0,0,0
2013-05-29,6244,663,1,1,0,5,0,0,0
2013-05-30,7077,867,1,1,0,5,0,0,0
2013-05-31,5701,676,1,1,0,5,0,0,0
2013-06-01,2678,325,1,0,0,6,0,0,0
2013-06-02,1e-09,1e-09,0,0,0,6,0,0,0
2013-06-03,7562,835,1,1,0,6,0,0,0
2013-06-04,7059,779,1,1,0,6,0,0,0
2013-06-05,5549,659,1,1,0,6,0,0,0
2013-06-06,6312,812,1,1,0,6,0,0,0
2013-06-07,5273,619,1,1,0,6,0,0,0
2013-06-08,2791,337,1,0,0,6,0,0,0
2013-06-09,1e-09,1e-09,0,0,0,6,0,0,0
2013-06-10,4942,659,1,0,0,6,0,0,0
2013-06-11,4875,646,1,0,0,6,0,0,0
2013-06-12,4295,570,1,0,0,6,0,0,0
2013-06-13,4608,668,1,0,0,6,0,0,0
2013-06-14,3828,507,1,0,0,6,0,0,0
2013-06-15,2653,319,1,0,0,6,0,0,0
2013-06-16,1e-09,1e-09,0,0,0,6,0,0,0
2013-06-17,8248,850,1,1,0,6,0,0,0
2013-06-18,7131,742,1,1,0,6,0,0,0
2013-06-19,5355,639,1,1,0,6,0,0,0
2013-06-20,6645,792,1,1,0,6,0,0,0
2013-06-21,5986,651,1,1,0,6,0,0,0
2013-06-22,2326,333,1,0,0,6,0,0,0
2013-06-23,1e-09,1e-09,0,0,0,6,0,0,0
2013-06-24,4572,625,1,0,1,6,0,0,0
2013-06-25,4090,564,1,0,1,6,0,0,0
2013-06-26,3794,516,1,0,1,6,0,0,0
2013-06-27,4961,635,1,0,1,6,0,0,0
2013-06-28,4293,525,1,0,1,6,0,0,0
2013-06-29,2468,313,1,0,0,6,0,0,0
2013-06-30,1e-09,1e-09,0,0,0,6,0,0,0
2013-07-01,7771,846,1,1,1,7,0,0,0
2013-07-02,6558,731,1,1,1,7,0,0,0
2013-07-03,5081,571,1,1,1,7,0,0,0
2013-07-04,6368,745,1,1,1,7,0,0,0
2013-07-05,4959,595,1,1,1,7,0,0,0
2013-07-06,2612,301,1,0,0,7,0,0,0
2013-07-07,1e-09,1e-09,0,0,0,7,0,0,0
2013-07-08,3960,556,1,0,1,7,0,0,0
2013-07-09,4513,585,1,0,1,7,0,0,0
2013-07-10,3668,496,1,0,1,7,0,0,0
2013-07-11,4399,633,1,0,1,7,0,0,0
2013-07-12,3881,506,1,0,1,7,0,0,0
2013-07-13,2335,292,1,0,0,7,0,0,0
2013-07-14,1e-09,1e-09,0,0,0,7,0,0,0
2013-07-15,7751,782,1,1,1,7,0,0,0
2013-07-16,6908,734,1,1,1,7,0,0,0
2013-07-17,5267,571,1,1,1,7,0,0,0
2013-07-18,5928,737,1,1,1,7,0,0,0
2013-07-19,5194,574,1,1,1,7,0,0,0
2013-07-20,1949,266,1,0,0,7,0,0,0
2013-07-21,1e-09,1e-09,0,0,0,7,0,0,0
2013-07-22,3989,540,1,0,1,7,0,0,0
2013-07-23,3462,545,1,0,1,7,0,0,0
2013-07-24,3689,494,1,0,1,7,0,0,0
2013-07-25,3986,627,1,0,1,7,0,0,0
2013-07-26,3011,462,1,0,1,7,0,0,0
2013-07-27,2257,311,1,0,0,7,0,0,0
2013-07-28,1e-09,1e-09,0,0,0,7,0,0,0
2013-07-29,8276,830,1,1,1,7,0,0,0
2013-07-30,6882,759,1,1,1,7,0,0,0
2013-07-31,7197,774,1,1,1,7,0,0,0
2013-08-01,7286,849,1,1,1,8,0,0,0
2013-08-02,4905,601,1,1,1,8,0,0,0
2013-08-03,2372,310,1,0,0,8,0,0,0
2013-08-04,1e-09,1e-09,0,0,0,8,0,0,0
2013-08-05,4805,641,1,0,0,8,0,0,0
2013-08-06,4090,610,1,0,0,8,0,0,0
2013-08-07,4158,538,1,0,0,8,0,0,0
2013-08-08,4648,654,1,0,0,8,0,0,0
2013-08-09,3901,509,1,0,0,8,0,0,0
2013-08-10,2378,298,1,0,0,8,0,0,0
2013-08-11,1e-09,1e-09,0,0,0,8,0,0,0
2013-08-12,8337,896,1,1,0,8,0,0,0
2013-08-13,7033,763,1,1,0,8,0,0,0
2013-08-14,6040,659,1,1,0,8,0,0,0
2013-08-15,6922,850,1,1,0,8,0,0,0
2013-08-16,4651,727,1,1,0,8,0,0,0
2013-08-17,1725,283,1,0,0,8,0,0,0
2013-08-18,1e-09,1e-09,0,0,0,8,0,0,0
2013-08-19,4048,580,1,0,0,8,0,0,0
2013-08-20,4103,622,1,0,0,8,0,0,0
2013-08-21,3740,511,1,0,0,8,0,0,0
2013-08-22,4272,679,1,0,0,8,0,0,0
2013-08-23,4104,552,1,0,0,8,0,0,0
2013-08-24,1890,286,1,0,0,8,0,0,0
2013-08-25,1e-09,1e-09,0,0,0,8,0,0,0
2013-08-26,8021,802,1,1,0,8,0,0,0
2013-08-27,6986,796,1,1,0,8,0,0,0
2013-08-28,6032,657,1,1,0,8,0,0,0
2013-08-29,6844,858,1,1,0,8,0,0,0
2013-08-30,6390,696,1,1,0,8,0,0,0
2013-08-31,2942,347,1,0,0,8,0,0,0
2013-09-01,1e-09,1e-09,0,0,0,9,0,0,0
2013-09-02,3931,550,1,0,0,9,0,0,0
2013-09-03,4698,639,1,0,0,9,0,0,0
2013-09-04,4359,595,1,0,0,9,0,0,0
2013-09-05,4907,687,1,0,0,9,0,0,0
2013-09-06,3586,494,1,0,0,9,0,0,0
2013-09-07,2323,307,1,0,0,9,0,0,0
2013-09-08,1e-09,1e-09,0,0,0,9,0,0,0
2013-09-09,7467,779,1,1,0,9,0,0,0
2013-09-10,7007,759,1,1,0,9,0,0,0
2013-09-11,5863,703,1,1,0,9,0,0,0
2013-09-12,6614,828,1,1,0,9,0,0,0
2013-09-13,5226,634,1,1,0,9,0,0,0
2013-09-14,2382,344,1,0,0,9,0,0,0
2013-09-15,1e-09,1e-09,0,0,0,9,0,0,0
2013-09-16,4001,597,1,0,0,9,0,0,0
2013-09-17,4473,636,1,0,0,9,0,0,0
2013-09-18,3545,554,1,0,0,9,0,0,0
2013-09-19,4278,641,1,0,0,9,0,0,0
2013-09-20,3628,503,1,0,0,9,0,0,0
2013-09-21,2023,273,1,0,0,9,0,0,0
2013-09-22,1e-09,1e-09,0,0,0,9,0,0,0
2013-09-23,7534,811,1,1,0,9,0,0,0
2013-09-24,6431,725,1,1,0,9,0,0,0
2013-09-25,5200,633,1,1,0,9,0,0,0
2013-09-26,6475,823,1,1,0,9,0,0,0
2013-09-27,4989,555,1,1,0,9,0,0,0
2013-09-28,2604,339,1,0,0,9,0,0,0
2013-09-29,1e-09,1e-09,0,0,0,9,0,0,0
2013-09-30,5396,678,1,0,0,9,0,0,0
2013-10-01,4857,679,1,0,0,10,0,0,0
2013-10-02,4771,643,1,0,0,10,0,0,0
2013-10-03,1e-09,1e-09,0,0,0,10,0,0,1
2013-10-04,4802,609,1,0,1,10,0,0,0
2013-10-05,2862,363,1,0,0,10,0,0,0
2013-10-06,1e-09,1e-09,0,0,0,10,0,0,0
2013-10-07,8217,859,1,1,1,10,0,0,0
2013-10-08,6621,730,1,1,1,10,0,0,0
2013-10-09,5218,607,1,1,1,10,0,0,0
2013-10-10,6000,796,1,1,1,10,0,0,0
2013-10-11,5018,615,1,1,1,10,0,0,0
2013-10-12,2153,286,1,0,0,10,0,0,0
2013-10-13,1e-09,1e-09,0,0,0,10,0,0,0
2013-10-14,5157,700,1,0,1,10,0,0,0
2013-10-15,3851,559,1,0,1,10,0,0,0
2013-10-16,3511,491,1,0,1,10,0,0,0
2013-10-17,3915,557,1,0,1,10,0,0,0
2013-10-18,3820,540,1,0,1,10,0,0,0
2013-10-19,2742,330,1,0,0,10,0,0,0
2013-10-20,1e-09,1e-09,0,0,0,10,0,0,0
2013-10-21,7723,828,1,1,0,10,0,0,0
2013-10-22,6778,797,1,1,0,10,0,0,0
2013-10-23,5349,662,1,1,0,10,0,0,0
2013-10-24,6093,793,1,1,0,10,0,0,0
2013-10-25,4970,601,1,1,0,10,0,0,0
2013-10-26,2284,319,1,0,0,10,0,0,0
2013-10-27,1e-09,1e-09,0,0,0,10,0,0,0
2013-10-28,3893,548,1,0,0,10,0,0,0
2013-10-29,4284,570,1,0,0,10,0,0,0
2013-10-30,4695,624,1,0,0,10,0,0,0
2013-10-31,5995,798,1,0,0,10,0,0,0
2013-11-01,4724,593,1,0,0,11,0,0,0
2013-11-02,2937,348,1,0,0,11,0,0,0
2013-11-03,1e-09,1e-09,0,0,0,11,0,0,0
2013-11-04,7156,721,1,1,0,11,0,0,0
2013-11-05,7629,818,1,1,0,11,0,0,0
2013-11-06,5816,655,1,1,0,11,0,0,0
2013-11-07,6685,834,1,1,0,11,0,0,0
2013-11-08,5547,633,1,1,0,11,0,0,0
2013-11-09,2474,289,1,0,0,11,0,0,0
2013-11-10,1e-09,1e-09,0,0,0,11,0,0,0
2013-11-11,4507,646,1,0,0,11,0,0,0
2013-11-12,4276,571,1,0,0,11,0,0,0
2013-11-13,4248,586,1,0,0,11,0,0,0
2013-11-14,5046,714,1,0,0,11,0,0,0
2013-11-15,4319,535,1,0,0,11,0,0,0
2013-11-16,2523,332,1,0,0,11,0,0,0
2013-11-17,1e-09,1e-09,0,0,0,11,0,0,0
2013-11-18,7831,800,1,1,0,11,0,0,0
2013-11-19,6779,742,1,1,0,11,0,0,0
2013-11-20,6195,694,1,1,0,11,0,0,0
2013-11-21,6341,799,1,1,0,11,0,0,0
2013-11-22,4925,635,1,1,0,11,0,0,0
2013-11-23,3077,354,1,0,0,11,0,0,0
2013-11-24,1e-09,1e-09,0,0,0,11,0,0,0
2013-11-25,5028,671,1,0,0,11,0,0,0
2013-11-26,4714,606,1,0,0,11,0,0,0
2013-11-27,4533,560,1,0,0,11,0,0,0
2013-11-28,5797,739,1,0,0,11,0,0,0
2013-11-29,5032,596,1,0,0,11,0,0,0
2013-11-30,4069,517,1,0,0,11,0,0,0
2013-12-01,1e-09,1e-09,0,0,0,12,0,0,0
2013-12-02,9550,940,1,1,0,12,0,0,0
2013-12-03,8255,841,1,1,0,12,0,0,0
2013-12-04,6884,716,1,1,0,12,0,0,0
2013-12-05,7335,751,1,1,0,12,0,0,0
2013-12-06,5501,615,1,1,0,12,0,0,0
2013-12-07,3881,515,1,0,0,12,0,0,0
2013-12-08,1e-09,1e-09,0,0,0,12,0,0,0
2013-12-09,5099,659,1,0,0,12,0,0,0
2013-12-10,5388,684,1,0,0,12,0,0,0
2013-12-11,4912,633,1,0,0,12,0,0,0
2013-12-12,5784,756,1,0,0,12,0,0,0
2013-12-13,4975,595,1,0,0,12,0,0,0
2013-12-14,3346,369,1,0,0,12,0,0,0
2013-12-15,1e-09,1e-09,0,0,0,12,0,0,0
2013-12-16,10322,1001,1,1,0,12,0,0,0
2013-12-17,9375,886,1,1,0,12,0,0,0
2013-12-18,8575,892,1,1,0,12,0,0,0
2013-12-19,7867,908,1,1,0,12,0,0,0
2013-12-20,8010,826,1,1,0,12,0,0,0
2013-12-21,4307,518,1,0,0,12,0,0,0
2013-12-22,1e-09,1e-09,0,0,0,12,0,0,0
2013-12-23,8753,976,1,0,1,12,0,0,0
2013-12-24,3311,362,1,0,1,12,0,0,0
2013-12-25,1e-09,1e-09,0,0,1,12,1,0,0
2013-12-26,1e-09,1e-09,0,0,1,12,1,0,0
2013-12-27,4777,560,1,0,1,12,0,0,0
2013-12-28,2481,312,1,0,0,12,0,0,0
2013-12-29,1e-09,1e-09,0,0,0,12,0,0,0
2013-12-30,5735,729,1,0,1,12,0,0,0
2013-12-31,2694,354,1,0,1,12,0,0,0
2014-01-01,1e-09,1e-09,0,0,1,1,0,0,1
2014-01-02,5177,709,1,0,1,1,0,0,0
2014-01-03,4095,512,1,0,1,1,0,0,0
2014-01-04,2368,330,1,0,0,1,0,0,0
2014-01-05,1e-09,1e-09,0,0,0,1,0,0,0
2014-01-06,8611,856,1,1,1,1,0,0,0
2014-01-07,6468,765,1,1,0,1,0,0,0
2014-01-08,5677,630,1,1,0,1,0,0,0
2014-01-09,6011,739,1,1,0,1,0,0,0
2014-01-10,5481,636,1,1,0,1,0,0,0
2014-01-11,2563,299,1,0,0,1,0,0,0
2014-01-12,1e-09,1e-09,0,0,0,1,0,0,0
2014-01-13,4129,602,1,0,0,1,0,0,0
2014-01-14,3929,558,1,0,0,1,0,0,0
2014-01-15,3594,496,1,0,0,1,0,0,0
2014-01-16,4352,655,1,0,0,1,0,0,0
2014-01-17,3984,495,1,0,0,1,0,0,0
2014-01-18,2089,292,1,0,0,1,0,0,0
2014-01-19,1e-09,1e-09,0,0,0,1,0,0,0
2014-01-20,8293,873,1,1,0,1,0,0,0
2014-01-21,6390,709,1,1,0,1,0,0,0
2014-01-22,5726,638,1,1,0,1,0,0,0
2014-01-23,6666,734,1,1,0,1,0,0,0
2014-01-24,4992,620,1,1,0,1,0,0,0
2014-01-25,2424,317,1,0,0,1,0,0,0
2014-01-26,1e-09,1e-09,0,0,0,1,0,0,0
2014-01-27,4360,629,1,0,0,1,0,0,0
2014-01-28,4137,592,1,0,0,1,0,0,0
2014-01-29,3977,515,1,0,0,1,0,0,0
2014-01-30,5550,762,1,0,0,1,0,0,0
2014-01-31,4380,560,1,0,0,1,0,0,0
2014-02-01,2845,342,1,0,0,2,0,0,0
2014-02-02,1e-09,1e-09,0,0,0,2,0,0,0
2014-02-03,8864,898,1,1,0,2,0,0,0
2014-02-04,7493,803,1,1,0,2,0,0,0
2014-02-05,6595,757,1,1,0,2,0,0,0
2014-02-06,6649,829,1,1,0,2,0,0,0
2014-02-07,5145,573,1,1,0,2,0,0,0
2014-02-08,2804,357,1,0,0,2,0,0,0
2014-02-09,1e-09,1e-09,0,0,0,2,0,0,0
2014-02-10,4777,704,1,0,0,2,0,0,0
2014-02-11,4514,635,1,0,0,2,0,0,0
2014-02-12,4076,552,1,0,0,2,0,0,0
2014-02-13,5555,773,1,0,0,2,0,0,0
2014-02-14,4423,590,1,0,0,2,0,0,0
2014-02-15,2751,370,1,0,0,2,0,0,0
2014-02-16,1e-09,1e-09,0,0,0,2,0,0,0
2014-02-17,8750,897,1,1,0,2,0,0,0
2014-02-18,7008,786,1,1,0,2,0,0,0
2014-02-19,5299,631,1,1,0,2,0,0,0
2014-02-20,6580,824,1,1,0,2,0,0,0
2014-02-21,5064,589,1,1,0,2,0,0,0
2014-02-22,2838,381,1,0,0,2,0,0,0
2014-02-23,1e-09,1e-09,0,0,0,2,0,0,0
2014-02-24,4448,619,1,0,0,2,0,0,0
2014-02-25,3831,570,1,0,0,2,0,0,0
2014-02-26,3719,560,1,0,0,2,0,0,0
2014-02-27,5122,748,1,0,0,2,0,0,0
2014-02-28,4403,552,1,0,0,2,0,0,0
2014-03-01,3557,392,1,0,0,3,0,0,0
2014-03-02,1e-09,1e-09,0,0,0,3,0,0,0
2014-03-03,9385,943,1,1,0,3,0,0,0
2014-03-04,7519,808,1,1,0,3,0,0,0
2014-03-05,6329,721,1,1,0,3,0,0,0
2014-03-06,6717,815,1,1,0,3,0,0,0
2014-03-07,5634,646,1,1,0,3,0,0,0
2014-03-08,2806,376,1,0,0,3,0,0,0
2014-03-09,1e-09,1e-09,0,0,0,3,0,0,0
2014-03-10,4311,649,1,0,0,3,0,0,0
2014-03-11,4386,595,1,0,0,3,0,0,0
2014-03-12,4191,595,1,0,0,3,0,0,0
2014-03-13,4921,698,1,0,0,3,0,0,0
2014-03-14,3929,500,1,0,0,3,0,0,0
2014-03-15,2519,327,1,0,0,3,0,0,0
2014-03-16,1e-09,1e-09,0,0,0,3,0,0,0
2014-03-17,7658,818,1,1,0,3,0,0,0
2014-03-18,6688,750,1,1,0,3,0,0,0
2014-03-19,5517,630,1,1,0,3,0,0,0
2014-03-20,5616,783,1,1,0,3,0,0,0
2014-03-21,4308,550,1,1,0,3,0,0,0
2014-03-22,2701,385,1,0,0,3,0,0,0
2014-03-23,1e-09,1e-09,0,0,0,3,0,0,0
2014-03-24,4550,644,1,0,0,3,0,0,0
2014-03-25,4490,590,1,0,0,3,0,0,0
2014-03-26,4172,570,1,0,0,3,0,0,0
2014-03-27,5091,704,1,0,0,3,0,0,0
2014-03-28,4502,582,1,0,0,3,0,0,0
2014-03-29,2866,347,1,0,0,3,0,0,0
2014-03-30,1e-09,1e-09,0,0,0,3,0,0,0
2014-03-31,8934,909,1,1,0,3,0,0,0
2014-04-01,8406,857,1,1,0,4,0,0,0
2014-04-02,6452,716,1,1,0,4,0,0,0
2014-04-03,6697,818,1,1,0,4,0,0,0
2014-04-04,4978,579,1,1,0,4,0,0,0
2014-04-05,2677,343,1,0,0,4,0,0,0
2014-04-06,1e-09,1e-09,0,0,0,4,0,0,0
2014-04-07,4816,660,1,0,0,4,0,0,0
2014-04-08,4506,608,1,0,0,4,0,0,0
2014-04-09,4406,597,1,0,0,4,0,0,0
2014-04-10,5381,752,1,0,0,4,0,0,0
2014-04-11,4194,541,1,0,0,4,0,0,0
2014-04-12,2833,365,1,0,0,4,0,0,0
2014-04-13,1e-09,1e-09,0,0,0,4,0,0,0
2014-04-14,8189,791,1,1,0,4,0,0,0
2014-04-15,8942,925,1,1,0,4,0,0,0
2014-04-16,6931,802,1,1,1,4,0,0,0
2014-04-17,7662,941,1,1,1,4,0,0,0
2014-04-18,1e-09,1e-09,0,1,1,4,0,1,0
2014-04-19,3144,436,1,0,0,4,0,0,0
2014-04-20,1e-09,1e-09,0,0,0,4,0,0,0
2014-04-21,1e-09,1e-09,0,0,1,4,0,1,0
2014-04-22,4863,669,1,0,1,4,0,0,0
2014-04-23,4229,598,1,0,1,4,0,0,0
2014-04-24,4888,704,1,0,1,4,0,0,0
2014-04-25,3364,476,1,0,1,4,0,0,0
2014-04-26,2298,329,1,0,0,4,0,0,0
2014-04-27,1e-09,1e-09,0,0,0,4,0,0,0
2014-04-28,7840,793,1,1,1,4,0,0,0
2014-04-29,6998,785,1,1,1,4,0,0,0
2014-04-30,7589,842,1,1,1,4,0,0,0
2014-05-01,1e-09,1e-09,0,1,1,5,0,0,1
2014-05-02,6775,749,1,1,1,5,0,0,0
2014-05-03,2907,378,1,0,0,5,0,0,0
2014-05-04,1e-09,1e-09,0,0,0,5,0,0,0
2014-05-05,8967,936,1,1,0,5,0,0,0
2014-05-06,7095,802,1,1,0,5,0,0,0
2014-05-07,5357,645,1,1,0,5,0,0,0
2014-05-08,5968,696,1,1,0,5,0,0,0
2014-05-09,5925,651,1,1,0,5,0,0,0
2014-05-10,2713,393,1,0,0,5,0,0,0
2014-05-11,1e-09,1e-09,0,0,0,5,0,0,0
2014-05-12,4623,606,1,0,0,5,0,0,0
2014-05-13,4609,653,1,0,0,5,0,0,0
2014-05-14,5203,685,1,0,0,5,0,0,0
2014-05-15,4808,693,1,0,0,5,0,0,0
2014-05-16,3941,536,1,0,0,5,0,0,0
2014-05-17,2617,356,1,0,0,5,0,0,0
2014-05-18,1e-09,1e-09,0,0,0,5,0,0,0
2014-05-19,7996,856,1,1,0,5,0,0,0
2014-05-20,6191,720,1,1,0,5,0,0,0
2014-05-21,5064,629,1,1,0,5,0,0,0
2014-05-22,6673,810,1,1,0,5,0,0,0
2014-05-23,4887,581,1,1,0,5,0,0,0
2014-05-24,2657,363,1,0,0,5,0,0,0
2014-05-25,1e-09,1e-09,0,0,0,5,0,0,0
2014-05-26,4871,680,1,0,0,5,0,0,0
2014-05-27,5174,635,1,0,0,5,0,0,0
2014-05-28,5137,651,1,0,0,5,0,0,0
2014-05-29,1e-09,1e-09,0,0,0,5,0,0,1
2014-05-30,5717,662,1,0,1,5,0,0,0
2014-05-31,2990,374,1,0,0,5,0,0,0
2014-06-01,1e-09,1e-09,0,0,0,6,0,0,0
2014-06-02,8799,935,1,1,0,6,0,0,0
2014-06-03,7251,764,1,1,0,6,0,0,0
2014-06-04,7052,752,1,1,0,6,0,0,0
2014-06-05,6476,758,1,1,0,6,0,0,0
2014-06-06,5789,687,1,1,0,6,0,0,0
2014-06-07,2878,391,1,0,0,6,0,0,0
2014-06-08,1e-09,1e-09,0,0,0,6,0,0,0
2014-06-09,1e-09,1e-09,0,0,0,6,0,0,1
2014-06-10,5891,741,1,0,0,6,0,0,0
2014-06-11,4787,610,1,0,0,6,0,0,0
2014-06-12,5671,752,1,0,0,6,0,0,0
2014-06-13,4417,551,1,0,0,6,0,0,0
2014-06-14,2576,346,1,0,0,6,0,0,0
2014-06-15,1e-09,1e-09,0,0,0,6,0,0,0
2014-06-16,7949,807,1,1,0,6,0,0,0
2014-06-17,6640,746,1,1,0,6,0,0,0
2014-06-18,5944,680,1,1,0,6,0,0,0
2014-06-19,6638,783,1,1,0,6,0,0,0
2014-06-20,5236,601,1,1,0,6,0,0,0
2014-06-21,2759,336,1,0,0,6,0,0,0
2014-06-22,1e-09,1e-09,0,0,0,6,0,0,0
2014-06-23,4795,643,1,0,0,6,0,0,0
2014-06-24,4828,602,1,0,0,6,0,0,0
2014-06-25,4058,555,1,0,0,6,0,0,0
2014-06-26,4779,716,1,0,0,6,0,0,0
2014-06-27,4334,565,1,0,0,6,0,0,0
2014-06-28,2810,369,1,0,0,6,0,0,0
2014-06-29,1e-09,1e-09,0,0,0,6,0,0,0
2014-06-30,9775,953,1,1,0,6,0,0,0
2014-07-01,8053,850,1,1,0,7,0,0,0
2014-07-02,6475,756,1,1,0,7,0,0,0
2014-07-03,6978,842,1,1,0,7,0,0,0
2014-07-04,5093,615,1,1,0,7,0,0,0
2014-07-05,2565,326,1,0,0,7,0,0,0
2014-07-06,1e-09,1e-09,0,0,0,7,0,0,0
2014-07-07,5486,738,1,0,0,7,0,0,0
2014-07-08,4331,604,1,0,0,7,0,0,0
2014-07-09,4267,604,1,0,0,7,0,0,0
2014-07-10,5518,753,1,0,0,7,0,0,0
2014-07-11,4483,583,1,0,0,7,0,0,0
2014-07-12,2969,392,1,0,0,7,0,0,0
2014-07-13,1e-09,1e-09,0,0,0,7,0,0,0
2014-07-14,7606,764,1,1,1,7,0,0,0
2014-07-15,7085,731,1,1,1,7,0,0,0
2014-07-16,6317,679,1,1,1,7,0,0,0
2014-07-17,7147,837,1,1,1,7,0,0,0
2014-07-18,5007,604,1,1,1,7,0,0,0
2014-07-19,2445,330,1,0,0,7,0,0,0
2014-07-20,1e-09,1e-09,0,0,0,7,0,0,0
2014-07-21,5180,635,1,0,1,7,0,0,0
2014-07-22,3884,578,1,0,1,7,0,0,0
2014-07-23,3557,491,1,0,1,7,0,0,0
2014-07-24,4357,640,1,0,1,7,0,0,0
2014-07-25,3959,493,1,0,1,7,0,0,0
2014-07-26,2656,371,1,0,0,7,0,0,0
2014-07-27,1e-09,1e-09,0,0,0,7,0,0,0
2014-07-28,7774,807,1,1,1,7,0,0,0
2014-07-29,6700,735,1,1,1,7,0,0,0
2014-07-30,6219,662,1,1,1,7,0,0,0
2014-07-31,7337,805,1,1,1,7,0,0,0
2014-08-01,6115,689,1,1,1,8,0,0,0
2014-08-02,3100,380,1,0,0,8,0,0,0
2014-08-03,1e-09,1e-09,0,0,0,8,0,0,0
2014-08-04,8066,820,1,1,1,8,0,0,0
2014-08-05,7054,758,1,1,1,8,0,0,0
2014-08-06,6070,650,1,1,1,8,0,0,0
2014-08-07,6240,747,1,1,1,8,0,0,0
2014-08-08,5187,626,1,1,1,8,0,0,0
2014-08-09,2483,336,1,0,0,8,0,0,0
2014-08-10,1e-09,1e-09,0,0,0,8,0,0,0
2014-08-11,4815,614,1,0,1,8,0,0,0
2014-08-12,4351,606,1,0,1,8,0,0,0
2014-08-13,4178,582,1,0,1,8,0,0,0
2014-08-14,4588,662,1,0,1,8,0,0,0
2014-08-15,4095,646,1,0,1,8,0,0,0
2014-08-16,2254,373,1,0,0,8,0,0,0
2014-08-17,1e-09,1e-09,0,0,0,8,0,0,0
2014-08-18,7444,768,1,1,1,8,0,0,0
2014-08-19,6890,760,1,1,1,8,0,0,0
2014-08-20,5982,644,1,1,1,8,0,0,0
2014-08-21,6594,801,1,1,1,8,0,0,0
2014-08-22,5039,588,1,1,1,8,0,0,0
2014-08-23,2910,375,1,0,0,8,0,0,0
2014-08-24,1e-09,1e-09,0,0,0,8,0,0,0
2014-08-25,4894,692,1,0,0,8,0,0,0
2014-08-26,4027,599,1,0,0,8,0,0,0
2014-08-27,4563,603,1,0,0,8,0,0,0
2014-08-28,5374,733,1,0,0,8,0,0,0
2014-08-29,5373,646,1,0,0,8,0,0,0
2014-08-30,3802,433,1,0,0,8,0,0,0
2014-08-31,1e-09,1e-09,0,0,0,8,0,0,0
2014-09-01,9367,918,1,1,0,9,0,0,0
2014-09-02,6897,794,1,1,0,9,0,0,0
2014-09-03,6428,689,1,1,0,9,0,0,0
2014-09-04,6689,822,1,1,0,9,0,0,0
2014-09-05,5838,667,1,1,0,9,0,0,0
2014-09-06,2823,355,1,0,0,9,0,0,0
2014-09-07,1e-09,1e-09,0,0,0,9,0,0,0
2014-09-08,4844,678,1,0,0,9,0,0,0
2014-09-09,4040,581,1,0,0,9,0,0,0
2014-09-10,4117,567,1,0,0,9,0,0,0
2014-09-11,5369,729,1,0,0,9,0,0,0
2014-09-12,4859,627,1,0,0,9,0,0,0
2014-09-13,3268,386,1,0,0,9,0,0,0
2014-09-14,1e-09,1e-09,0,0,0,9,0,0,0
2014-09-15,8513,895,1,1,0,9,0,0,0
2014-09-16,7046,772,1,1,0,9,0,0,0
2014-09-17,6038,702,1,1,0,9,0,0,0
2014-09-18,6552,836,1,1,0,9,0,0,0
2014-09-19,5685,673,1,1,0,9,0,0,0
2014-09-20,2626,359,1,0,0,9,0,0,0
2014-09-21,1e-09,1e-09,0,0,0,9,0,0,0
2014-09-22,4737,695,1,0,0,9,0,0,0
2014-09-23,5135,692,1,0,0,9,0,0,0
2014-09-24,5021,637,1,0,0,9,0,0,0
2014-09-25,5233,716,1,0,0,9,0,0,0
2014-09-26,5186,618,1,0,0,9,0,0,0
2014-09-27,3380,414,1,0,0,9,0,0,0
2014-09-28,1e-09,1e-09,0,0,0,9,0,0,0
2014-09-29,8630,920,1,1,0,9,0,0,0
2014-09-30,9061,915,1,1,0,9,0,0,0
2014-10-01,6826,842,1,1,0,10,0,0,0
2014-10-02,8234,975,1,1,0,10,0,0,0
2014-10-03,1e-09,1e-09,0,1,0,10,0,0,1
2014-10-04,4208,487,1,0,0,10,0,0,0
2014-10-05,1e-09,1e-09,0,0,0,10,0,0,0
2014-10-06,10198,1027,1,1,0,10,0,0,0
2014-10-07,6435,718,1,1,0,10,0,0,0
2014-10-08,6783,807,1,1,0,10,0,0,0
2014-10-09,7586,949,1,1,0,10,0,0,0
2014-10-10,6394,749,1,1,0,10,0,0,0
2014-10-11,3688,464,1,0,0,10,0,0,0
2014-10-12,1e-09,1e-09,0,0,0,10,0,0,0
2014-10-13,5053,686,1,0,1,10,0,0,0
2014-10-14,4754,672,1,0,1,10,0,0,0
2014-10-15,4404,592,1,0,1,10,0,0,0
2014-10-16,5516,793,1,0,1,10,0,0,0
2014-10-17,4318,557,1,0,1,10,0,0,0
2014-10-18,3355,423,1,0,0,10,0,0,0
2014-10-19,1e-09,1e-09,0,0,0,10,0,0,0
2014-10-20,8561,902,1,1,1,10,0,0,0
2014-10-21,6081,684,1,1,1,10,0,0,0
2014-10-22,5869,737,1,1,1,10,0,0,0
2014-10-23,6936,888,1,1,1,10,0,0,0
2014-10-24,6330,684,1,1,1,10,0,0,0
2014-10-25,3128,443,1,0,0,10,0,0,0
2014-10-26,1e-09,1e-09,0,0,0,10,0,0,0
2014-10-27,5067,740,1,0,0,10,0,0,0
2014-10-28,5477,717,1,0,0,10,0,0,0
2014-10-29,5042,612,1,0,0,10,0,0,0
2014-10-30,6677,838,1,0,0,10,0,0,0
2014-10-31,6223,780,1,0,0,10,0,0,0
2014-11-01,3903,491,1,0,0,11,0,0,0
2014-11-02,1e-09,1e-09,0,0,0,11,0,0,0
2014-11-03,9844,1019,1,1,0,11,0,0,0
2014-11-04,7805,880,1,1,0,11,0,0,0
2014-11-05,6603,756,1,1,0,11,0,0,0
2014-11-06,7378,935,1,1,0,11,0,0,0
2014-11-07,7069,811,1,1,0,11,0,0,0
2014-11-08,3274,445,1,0,0,11,0,0,0
2014-11-09,1e-09,1e-09,0,0,0,11,0,0,0
2014-11-10,8504,913,1,1,0,11,0,0,0
2014-11-11,7782,875,1,1,0,11,0,0,0
2014-11-12,7146,773,1,1,0,11,0,0,0
2014-11-13,7844,954,1,1,0,11,0,0,0
2014-11-14,5749,724,1,1,0,11,0,0,0
2014-11-15,3583,445,1,0,0,11,0,0,0
2014-11-16,1e-09,1e-09,0,0,0,11,0,0,0
2014-11-17,6416,812,1,0,0,11,0,0,0
2014-11-18,5834,766,1,0,0,11,0,0,0
2014-11-19,5376,684,1,0,0,11,0,0,0
2014-11-20,5759,796,1,0,0,11,0,0,0
2014-11-21,4958,620,1,0,0,11,0,0,0
2014-11-22,3591,418,1,0,0,11,0,0,0
2014-11-23,1e-09,1e-09,0,0,0,11,0,0,0
2014-11-24,9339,966,1,1,0,11,0,0,0
2014-11-25,7840,853,1,1,0,11,0,0,0
2014-11-26,8065,839,1,1,0,11,0,0,0
2014-11-27,9182,956,1,1,0,11,0,0,0
2014-11-28,8094,812,1,1,0,11,0,0,0
2014-11-29,5052,542,1,0,0,11,0,0,0
2014-11-30,1e-09,1e-09,0,0,0,11,0,0,0
2014-12-01,10924,1043,1,1,0,12,0,0,0
2014-12-02,8470,871,1,1,0,12,0,0,0
2014-12-03,7504,751,1,1,0,12,0,0,0
2014-12-04,8417,896,1,1,0,12,0,0,0
2014-12-05,8258,879,1,1,0,12,0,0,0
2014-12-06,5486,660,1,0,0,12,0,0,0
2014-12-07,1e-09,1e-09,0,0,0,12,0,0,0
2014-12-08,6852,792,1,0,0,12,0,0,0
2014-12-09,6751,798,1,0,0,12,0,0,0
2014-12-10,5649,662,1,0,0,12,0,0,0
2014-12-11,6076,808,1,0,0,12,0,0,0
2014-12-12,5008,590,1,0,0,12,0,0,0
2014-12-13,4457,509,1,0,0,12,0,0,0
2014-12-14,1e-09,1e-09,0,0,0,12,0,0,0
2014-12-15,10956,1014,1,1,0,12,0,0,0
2014-12-16,9550,925,1,1,0,12,0,0,0
2014-12-17,8282,828,1,1,0,12,0,0,0
2014-12-18,9008,1021,1,1,0,12,0,0,0
2014-12-19,7381,775,1,1,0,12,0,0,0
2014-12-20,4339,487,1,0,0,12,0,0,0
2014-12-21,1e-09,1e-09,0,0,0,12,0,0,0
2014-12-22,7248,810,1,0,1,12,0,0,0
2014-12-23,7962,928,1,0,1,12,0,0,0
2014-12-24,3738,401,1,0,1,12,0,0,0
2014-12-25,1e-09,1e-09,0,0,1,12,1,0,0
2014-12-26,1e-09,1e-09,0,0,1,12,1,0,0
2014-12-27,3806,502,1,0,0,12,0,0,0
2014-12-28,1e-09,1e-09,0,0,0,12,0,0,0
2014-12-29,7086,799,1,0,1,12,0,0,0
2014-12-30,6463,759,1,0,1,12,0,0,0
2014-12-31,3025,394,1,0,1,12,0,0,0
2015-01-01,1e-09,1e-09,0,0,1,1,0,0,1
2015-01-02,5028,639,1,0,1,1,0,0,0
2015-01-03,3250,371,1,0,0,1,0,0,0
2015-01-04,1e-09,1e-09,0,0,0,1,0,0,0
2015-01-05,9390,935,1,1,1,1,0,0,0
2015-01-06,7182,844,1,1,1,1,0,0,0
2015-01-07,7262,781,1,1,0,1,0,0,0
2015-01-08,6089,721,1,1,0,1,0,0,0
2015-01-09,4593,544,1,1,0,1,0,0,0
2015-01-10,2763,345,1,0,0,1,0,0,0
2015-01-11,1e-09,1e-09,0,0,0,1,0,0,0
2015-01-12,8425,857,1,1,0,1,0,0,0
2015-01-13,6463,712,1,1,0,1,0,0,0
2015-01-14,6731,761,1,1,0,1,0,0,0
2015-01-15,7242,824,1,1,0,1,0,0,0
2015-01-16,6558,734,1,1,0,1,0,0,0
2015-01-17,3571,435,1,0,0,1,0,0,0
2015-01-18,1e-09,1e-09,0,0,0,1,0,0,0
2015-01-19,6083,759,1,0,0,1,0,0,0
2015-01-20,5540,727,1,0,0,1,0,0,0
2015-01-21,4670,603,1,0,0,1,0,0,0
2015-01-22,5447,748,1,0,0,1,0,0,0
2015-01-23,4517,552,1,0,0,1,0,0,0
2015-01-24,2803,378,1,0,0,1,0,0,0
2015-01-25,1e-09,1e-09,0,0,0,1,0,0,0
2015-01-26,7502,807,1,1,0,1,0,0,0
2015-01-27,7804,887,1,1,0,1,0,0,0
2015-01-28,6071,700,1,1,0,1,0,0,0
2015-01-29,8403,913,1,1,0,1,0,0,0
2015-01-30,6401,747,1,1,0,1,0,0,0
2015-01-31,4063,485,1,0,0,1,0,0,0
2015-02-01,1e-09,1e-09,0,0,0,2,0,0,0
2015-02-02,8679,966,1,1,0,2,0,0,0
2015-02-03,8146,872,1,1,0,2,0,0,0
2015-02-04,6877,785,1,1,0,2,0,0,0
2015-02-05,7002,890,1,1,0,2,0,0,0
2015-02-06,6205,715,1,1,0,2,0,0,0
2015-02-07,3603,450,1,0,0,2,0,0,0
2015-02-08,1e-09,1e-09,0,0,0,2,0,0,0
2015-02-09,5787,765,1,0,0,2,0,0,0
2015-02-10,5070,665,1,0,0,2,0,0,0
2015-02-11,5051,647,1,0,0,2,0,0,0
2015-02-12,5694,776,1,0,0,2,0,0,0
2015-02-13,5296,652,1,0,0,2,0,0,0
2015-02-14,3765,454,1,0,0,2,0,0,0
2015-02-15,1e-09,1e-09,0,0,0,2,0,0,0
2015-02-16,9169,917,1,1,0,2,0,0,0
2015-02-17,7938,797,1,1,0,2,0,0,0
2015-02-18,7449,780,1,1,0,2,0,0,0
2015-02-19,7768,915,1,1,0,2,0,0,0
2015-02-20,6002,650,1,1,0,2,0,0,0
2015-02-21,3402,393,1,0,0,2,0,0,0
2015-02-22,1e-09,1e-09,0,0,0,2,0,0,0
2015-02-23,4977,694,1,0,0,2,0,0,0
2015-02-24,5368,674,1,0,0,2,0,0,0
2015-02-25,5473,663,1,0,0,2,0,0,0
2015-02-26,6350,803,1,0,0,2,0,0,0
2015-02-27,6145,661,1,0,0,2,0,0,0
2015-02-28,4103,451,1,0,0,2,0,0,0
2015-03-01,1e-09,1e-09,0,0,0,3,0,0,0
2015-03-02,8923,897,1,1,0,3,0,0,0
2015-03-03,8163,829,1,1,0,3,0,0,0
2015-03-04,.,743,1,1,0,3,0,0,0
2015-03-05,.,939,1,1,0,3,0,0,0
2015-03-06,.,687,1,1,0,3,0,0,0
2015-03-07,.,468,1,0,0,3,0,0,0
2015-03-08,.,1e-09,0,0,0,3,0,0,0
2015-03-09,.,730,1,0,0,3,0,0,0
2015-03-10,.,719,1,0,0,3,0,0,0
2015-03-11,.,663,1,0,0,3,0,0,0
2015-03-12,.,846,1,0,0,3,0,0,0
2015-03-13,.,601,1,0,0,3,0,0,0
2015-03-14,.,405,1,0,0,3,0,0,0
2015-03-15,.,1e-09,0,0,0,3,0,0,0
2015-03-16,.,999,1,1,0,3,0,0,0
2015-03-17,.,848,1,1,0,3,0,0,0
2015-03-18,.,782,1,1,0,3,0,0,0
2015-03-19,.,909,1,1,0,3,0,0,0
2015-03-20,.,675,1,1,0,3,0,0,0
2015-03-21,.,381,1,0,0,3,0,0,0
2015-03-22,.,1e-09,0,0,0,3,0,0,0
2015-03-23,.,748,1,0,0,3,0,0,0
2015-03-24,.,712,1,0,0,3,0,0,0
2015-03-25,.,630,1,0,0,3,0,0,0
2015-03-26,.,733,1,0,0,3,0,0,0
2015-03-27,.,632,1,0,0,3,0,0,0
2015-03-28,.,410,1,0,0,3,0,0,0
2015-03-29,.,1e-09,0,0,0,3,0,0,0
2015-03-30,.,839,1,1,0,3,0,0,0
2015-03-31,.,802,1,1,0,3,0,0,0
2015-04-01,.,883,1,1,1,4,0,0,0
2015-04-02,.,1133,1,1,1,4,0,0,0
2015-04-03,.,1e-09,0,1,1,4,0,1,0
2015-04-04,.,557,1,0,0,4,0,0,0
2015-04-05,.,1e-09,0,0,0,4,0,0,0
2015-04-06,.,1e-09,0,0,1,4,0,1,0
2015-04-07,.,797,1,0,1,4,0,0,0
2015-04-08,.,711,1,0,1,4,0,0,0
2015-04-09,.,827,1,0,1,4,0,0,0
2015-04-10,.,666,1,0,1,4,0,0,0
2015-04-11,.,409,1,0,0,4,0,0,0
2015-04-12,.,1e-09,0,0,0,4,0,0,0
2015-04-13,.,936,1,1,1,4,0,0,0
2015-04-14,.,843,1,1,1,4,0,0,0
2015-04-15,.,738,1,1,1,4,0,0,0
2015-04-16,.,928,1,1,1,4,0,0,0
2015-04-17,.,646,1,1,1,4,0,0,0
2015-04-18,.,405,1,0,0,4,0,0,0
2015-04-19,.,1e-09,0,0,0,4,0,0,0
2015-04-20,.,744,1,0,0,4,0,0,0
2015-04-21,.,750,1,0,0,4,0,0,0
2015-04-22,.,602,1,0,0,4,0,0,0
2015-04-23,.,831,1,0,0,4,0,0,0
2015-04-24,.,603,1,0,0,4,0,0,0
2015-04-25,.,401,1,0,0,4,0,0,0
2015-04-26,.,1e-09,0,0,0,4,0,0,0
2015-04-27,.,1004,1,1,0,4,0,0,0
2015-04-28,.,897,1,1,0,4,0,0,0
2015-04-29,.,832,1,1,0,4,0,0,0
2015-04-30,.,1080,1,1,0,4,0,0,0
2015-05-01,.,1e-09,0,1,0,5,0,0,1
2015-05-02,.,524,1,0,0,5,0,0,0
2015-05-03,.,1e-09,0,0,0,5,0,0,0
2015-05-04,.,1031,1,1,0,5,0,0,0
2015-05-05,.,783,1,1,0,5,0,0,0
2015-05-06,.,800,1,1,0,5,0,0,0
2015-05-07,.,890,1,1,0,5,0,0,0
2015-05-08,.,723,1,1,0,5,0,0,0
2015-05-09,.,464,1,0,0,5,0,0,0
2015-05-10,.,1e-09,0,0,0,5,0,0,0
2015-05-11,.,732,1,0,0,5,0,0,0
2015-05-12,.,745,1,0,0,5,0,0,0
2015-05-13,.,769,1,0,0,5,0,0,0
2015-05-14,.,1e-09,0,0,0,5,0,0,1
2015-05-15,.,662,1,0,1,5,0,0,0
2015-05-16,.,372,1,0,0,5,0,0,0
2015-05-17,.,1e-09,0,0,0,5,0,0,0
2015-05-18,.,914,1,1,0,5,0,0,0
2015-05-19,.,796,1,1,0,5,0,0,0
2015-05-20,.,778,1,1,0,5,0,0,0
2015-05-21,.,914,1,1,0,5,0,0,0
2015-05-22,.,707,1,1,0,5,0,0,0
2015-05-23,.,394,1,0,0,5,0,0,0
2015-05-24,.,1e-09,0,0,0,5,0,0,0
2015-05-25,.,1e-09,0,0,0,5,0,0,1
2015-05-26,.,774,1,0,0,5,0,0,0
2015-05-27,.,696,1,0,0,5,0,0,0
2015-05-28,.,823,1,0,0,5,0,0,0
2015-05-29,.,732,1,0,0,5,0,0,0
2015-05-30,.,475,1,0,0,5,0,0,0
2015-05-31,.,1e-09,0,0,0,5,0,0,0
2015-06-01,.,1012,1,1,0,6,0,0,0
2015-06-02,.,837,1,1,0,6,0,0,0
2015-06-03,.,753,1,1,0,6,0,0,0
2015-06-04,.,973,1,1,0,6,0,0,0
2015-06-05,.,705,1,1,0,6,0,0,0
2015-06-06,.,434,1,0,0,6,0,0,0
2015-06-07,.,1e-09,0,0,0,6,0,0,0
2015-06-08,.,751,1,0,0,6,0,0,0
2015-06-09,.,696,1,0,0,6,0,0,0
2015-06-10,.,659,1,0,0,6,0,0,0
2015-06-11,.,790,1,0,0,6,0,0,0
2015-06-12,.,676,1,0,0,6,0,0,0
2015-06-13,.,397,1,0,0,6,0,0,0
2015-06-14,.,1e-09,0,0,0,6,0,0,0
2015-06-15,.,938,1,1,0,6,0,0,0
2015-06-16,.,879,1,1,0,6,0,0,0
2015-06-17,.,768,1,1,0,6,0,0,0
2015-06-18,.,871,1,1,0,6,0,0,0
2015-06-19,.,690,1,1,0,6,0,0,0
2015-06-20,.,409,1,0,0,6,0,0,0
2015-06-21,.,1e-09,0,0,0,6,0,0,0
2015-06-22,.,630,1,0,0,6,0,0,0
2015-06-23,.,759,1,0,0,6,0,0,0
2015-06-24,.,625,1,0,0,6,0,0,0
2015-06-25,.,771,1,0,0,6,0,0,0
2015-06-26,.,639,1,0,0,6,0,0,0
2015-06-27,.,397,1,0,0,6,0,0,0
2015-06-28,.,1e-09,0,0,0,6,0,0,0
2015-06-29,.,945,1,1,0,6,0,0,0
2015-06-30,.,968,1,1,0,6,0,0,0
2015-07-01,.,895,1,1,0,7,0,0,0
2015-07-02,.,981,1,1,0,7,0,0,0
2015-07-03,.,764,1,1,0,7,0,0,0
2015-07-04,.,428,1,0,0,7,0,0,0
2015-07-05,.,1e-09,0,0,0,7,0,0,0
2015-07-06,.,805,1,0,0,7,0,0,0
2015-07-07,.,679,1,0,0,7,0,0,0
2015-07-08,.,639,1,0,0,7,0,0,0
2015-07-09,.,765,1,0,0,7,0,0,0
2015-07-10,.,693,1,0,0,7,0,0,0
2015-07-11,.,425,1,0,0,7,0,0,0
2015-07-12,.,1e-09,0,0,0,7,0,0,0
2015-07-13,.,935,1,1,0,7,0,0,0
2015-07-14,.,840,1,1,0,7,0,0,0
2015-07-15,.,802,1,1,0,7,0,0,0
2015-07-16,.,988,1,1,0,7,0,0,0
2015-07-17,.,684,1,1,0,7,0,0,0
2015-07-18,.,442,1,0,0,7,0,0,0
2015-07-19,.,1e-09,0,0,0,7,0,0,0
2015-07-20,.,733,1,0,1,7,0,0,0
2015-07-21,.,673,1,0,1,7,0,0,0
2015-07-22,.,626,1,0,1,7,0,0,0
2015-07-23,.,783,1,0,1,7,0,0,0
2015-07-24,.,558,1,0,1,7,0,0,0
2015-07-25,.,398,1,0,0,7,0,0,0
2015-07-26,.,1e-09,0,0,0,7,0,0,0
2015-07-27,.,841,1,1,1,7,0,0,0
2015-07-28,.,695,1,1,1,7,0,0,0
2015-07-29,.,698,1,1,1,7,0,0,0
2015-07-30,.,882,1,1,1,7,0,0,0
2015-07-31,.,833,1,1,1,7,0,0,0
